,Unemployment Rate,Employment- Pop. Ratio,Conference Board Index,Capacity Utilization,Output Gap (using CBO),Job Openings Rate,Hard to fill,Core PCE,market core PCE,trim PCE,Core CPI,Core Chained CPI,trim CPI,core PGDP
1/1/1978,6.4,58.8,85.7,82.138,#N/A,#N/A,22,0.065204417,#N/A,5.71,0.064189189,#N/A,#N/A,#N/A
2/1/1978,6.3,58.8,88.3,82.2049,#N/A,#N/A,#N/A,0.062880024,#N/A,5.59,0.062184874,#N/A,#N/A,#N/A
3/1/1978,6.3,58.8,88.5,83.3923,#N/A,#N/A,#N/A,0.06417981,#N/A,5.56,0.063439065,#N/A,#N/A,#N/A
4/1/1978,6.1,59.2,90.3,84.3902,#N/A,#N/A,26,0.065802622,#N/A,5.73,0.064676617,#N/A,#N/A,#N/A
5/1/1978,6,59.3,93.3,84.4347,#N/A,#N/A,#N/A,0.066637427,#N/A,5.91,0.067656766,#N/A,#N/A,#N/A
6/1/1978,5.9,59.5,95.2,84.8254,#N/A,#N/A,#N/A,0.066271364,#N/A,5.93,0.070491803,#N/A,#N/A,#N/A
7/1/1978,6.2,59.3,95.7,84.4928,#N/A,#N/A,25,0.065919464,#N/A,6.01,0.073529412,#N/A,#N/A,#N/A
8/1/1978,5.9,59.4,96.9,84.6624,#N/A,#N/A,#N/A,0.066400299,#N/A,6.05,0.074796748,#N/A,#N/A,#N/A
9/1/1978,6,59.5,95.9,84.8041,#N/A,#N/A,#N/A,0.067979506,#N/A,6.24,0.079159935,#N/A,#N/A,#N/A
10/1/1978,5.8,59.7,98.8,85.1749,#N/A,#N/A,29,0.070582203,#N/A,6.56,0.08373591,#N/A,#N/A,#N/A
11/1/1978,5.9,59.8,96.3,85.677,#N/A,#N/A,#N/A,0.070754583,#N/A,6.67,0.086538462,#N/A,#N/A,#N/A
12/1/1978,6,59.8,99.1,86.0941,#N/A,#N/A,#N/A,0.069284325,#N/A,6.72,0.084529506,#N/A,#N/A,#N/A
1/1/1979,5.9,59.9,98.2,85.1141,#N/A,#N/A,26,0.068132792,#N/A,7.04,0.085714286,#N/A,#N/A,#N/A
2/1/1979,5.9,60.1,96.2,85.2387,#N/A,#N/A,#N/A,0.06742012,#N/A,7.22,0.091772152,#N/A,#N/A,#N/A
3/1/1979,5.8,60,99,85.3848,#N/A,#N/A,#N/A,0.06769171,#N/A,7.26,0.092621664,#N/A,#N/A,#N/A
4/1/1979,5.8,59.8,96.8,83.8302,#N/A,#N/A,25,0.070563905,#N/A,7.26,0.093457944,#N/A,#N/A,#N/A
5/1/1979,5.6,59.8,100.4,84.6186,#N/A,#N/A,#N/A,0.073494339,#N/A,7.35,0.094281298,#N/A,#N/A,#N/A
6/1/1979,5.7,59.9,98.4,84.5217,#N/A,#N/A,#N/A,0.073465271,#N/A,7.39,0.093415008,#N/A,#N/A,#N/A
7/1/1979,5.7,60,94.7,84.3667,#N/A,#N/A,23,0.072493225,#N/A,7.49,0.095890411,#N/A,#N/A,#N/A
8/1/1979,6,59.8,95.7,83.0931,#N/A,#N/A,#N/A,0.073802528,#N/A,7.67,0.099848714,#N/A,#N/A,#N/A
9/1/1979,5.9,60,100,83.1237,#N/A,#N/A,#N/A,0.074908877,#N/A,7.78,0.098802395,#N/A,#N/A,#N/A
10/1/1979,6,59.9,98.8,83.1952,#N/A,#N/A,24,0.074841696,#N/A,7.87,0.101040119,#N/A,#N/A,#N/A
11/1/1979,5.9,60,96.7,82.7741,#N/A,#N/A,#N/A,0.075923574,#N/A,7.87,0.10619469,#N/A,#N/A,#N/A
12/1/1979,6,60.1,95.7,82.8064,#N/A,#N/A,#N/A,0.079425333,#N/A,8.02,0.113235294,#N/A,#N/A,#N/A
1/1/1980,6.3,60,92.5,82.9382,#N/A,#N/A,21,0.082067826,#N/A,8.13,0.119883041,#N/A,#N/A,#N/A
2/1/1980,6.3,60,90.9,82.7255,#N/A,#N/A,#N/A,0.089278712,#N/A,8.33,0.120289855,#N/A,#N/A,#N/A
3/1/1980,6.3,59.7,89.1,81.9059,#N/A,#N/A,#N/A,0.093085521,#N/A,8.57,0.125,#N/A,#N/A,#N/A
4/1/1980,6.9,59.4,82.7,80.0036,#N/A,#N/A,16,0.088682258,#N/A,8.53,0.12962963,#N/A,#N/A,#N/A
5/1/1980,7.5,59.1,71.5,77.4404,#N/A,#N/A,#N/A,0.088023493,#N/A,8.53,0.132768362,#N/A,#N/A,#N/A
6/1/1980,7.6,58.9,66.6,76.0978,#N/A,#N/A,#N/A,0.089133802,#N/A,8.69,0.135854342,#N/A,#N/A,#N/A
7/1/1980,7.8,58.8,68.6,75.1965,#N/A,#N/A,14,0.091320278,#N/A,8.58,0.123611111,#N/A,#N/A,#N/A
8/1/1980,7.7,58.8,67.8,75.4815,#N/A,#N/A,#N/A,0.091974797,#N/A,8.55,0.11829436,#N/A,#N/A,#N/A
9/1/1980,7.5,58.9,72,76.4743,#N/A,#N/A,#N/A,0.09479642,#N/A,8.64,0.119891008,#N/A,#N/A,#N/A
10/1/1980,7.5,58.9,73.1,77.632,#N/A,#N/A,15,0.09579445,#N/A,8.55,0.122807018,#N/A,#N/A,#N/A
11/1/1980,7.5,59,75.1,78.8591,#N/A,#N/A,#N/A,0.097424798,#N/A,8.62,0.121333333,#N/A,#N/A,#N/A
12/1/1980,7.2,59,72.8,78.8674,#N/A,#N/A,#N/A,0.096170753,#N/A,8.62,0.121532365,#N/A,#N/A,#N/A
1/1/1981,7.5,59.1,73.5,78.3788,#N/A,#N/A,16,0.097440372,#N/A,8.57,0.113577023,#N/A,#N/A,#N/A
2/1/1981,7.4,59.2,70.1,77.7171,#N/A,#N/A,#N/A,0.094585513,#N/A,8.58,0.108667529,#N/A,#N/A,#N/A
3/1/1981,7.4,59.4,73.9,77.7517,#N/A,#N/A,#N/A,0.090556705,#N/A,8.39,0.099616858,#N/A,#N/A,#N/A
4/1/1981,7.2,59.6,76,77.9437,#N/A,#N/A,17,0.091844702,#N/A,8.48,0.094577554,#N/A,#N/A,#N/A
5/1/1981,7.5,59.5,76.2,78.1202,#N/A,#N/A,#N/A,0.090548501,#N/A,8.3,0.094763092,#N/A,#N/A,#N/A
6/1/1981,7.5,59,74.9,77.4998,#N/A,#N/A,#N/A,0.088740703,#N/A,8.05,0.093711467,#N/A,#N/A,#N/A
7/1/1981,7.2,59.1,74.7,77.4117,#N/A,#N/A,15,0.08766121,#N/A,8.08,0.111248455,#N/A,#N/A,#N/A
8/1/1981,7.4,59.1,74.4,77.2941,#N/A,#N/A,#N/A,0.08705547,#N/A,7.99,0.115621156,#N/A,#N/A,#N/A
9/1/1981,7.6,58.7,73.9,76.7101,#N/A,#N/A,#N/A,0.083969118,#N/A,7.8,0.118004866,#N/A,#N/A,#N/A
10/1/1981,7.9,58.8,72.3,75.8087,#N/A,#N/A,11,0.081524317,#N/A,7.6,0.109375,#N/A,#N/A,#N/A
11/1/1981,8.3,58.6,67.5,74.7265,#N/A,#N/A,#N/A,0.079272939,#N/A,7.39,0.102259215,#N/A,#N/A,#N/A
12/1/1981,8.5,58.2,62.5,73.31,#N/A,#N/A,#N/A,0.076705432,#N/A,7.13,0.09540636,#N/A,#N/A,#N/A
1/1/1982,8.6,58.2,59.8,71.3997,#N/A,#N/A,13,0.073924375,#N/A,6.81,0.092614302,#N/A,#N/A,#N/A
2/1/1982,8.9,58.2,58.2,73.1707,#N/A,#N/A,#N/A,0.070208521,#N/A,6.36,0.091015169,#N/A,#N/A,#N/A
3/1/1982,9,58.1,56,72.4425,#N/A,#N/A,#N/A,0.068928673,#N/A,6.18,0.088269454,#N/A,#N/A,#N/A
4/1/1982,9.3,57.9,49.6,71.7966,#N/A,#N/A,11,0.066371969,#N/A,5.85,0.088709677,#N/A,#N/A,#N/A
5/1/1982,9.4,58.2,52.5,71.5758,#N/A,#N/A,#N/A,0.064866028,#N/A,5.76,0.086560364,#N/A,#N/A,#N/A
6/1/1982,9.6,57.8,47.7,71.3316,#N/A,#N/A,#N/A,0.06491059,#N/A,5.73,0.085682074,#N/A,#N/A,#N/A
7/1/1982,9.8,57.7,47.4,71.1581,#N/A,#N/A,9,0.065396487,#N/A,5.76,0.0756396,#N/A,#N/A,#N/A
8/1/1982,9.8,57.8,45.9,70.4665,#N/A,#N/A,#N/A,0.063229572,#N/A,5.49,0.070562293,#N/A,#N/A,#N/A
9/1/1982,10.1,57.6,43.1,70.2057,#N/A,#N/A,#N/A,0.060278175,#N/A,5.13,0.058759521,#N/A,#N/A,#N/A
10/1/1982,10.4,57.4,44.2,69.3342,#N/A,#N/A,8,0.060695936,#N/A,5.07,0.058504875,#N/A,#N/A,#N/A
11/1/1982,10.8,57.3,41.7,68.8262,#N/A,#N/A,#N/A,0.058581663,#N/A,4.79,0.052858684,#N/A,#N/A,#N/A
12/1/1982,10.8,57.2,41.3,68.5305,#N/A,#N/A,#N/A,0.05822591,#N/A,4.62,0.04516129,#N/A,#N/A,#N/A
1/1/1983,10.4,57.2,42.4,70.148,#N/A,#N/A,11,0.05933406,#N/A,4.64,0.0472103,#N/A,#N/A,#N/A
2/1/1983,10.4,57.1,44.5,70.0337,#N/A,#N/A,#N/A,0.059312832,#N/A,4.58,0.047058824,#N/A,#N/A,#N/A
3/1/1983,10.3,57.1,49.1,70.6608,#N/A,#N/A,#N/A,0.056160751,#N/A,4.34,0.046958378,#N/A,#N/A,#N/A
4/1/1983,10.2,57.3,51.4,71.4381,#N/A,#N/A,10,0.055250752,#N/A,4.48,0.043386243,#N/A,#N/A,#N/A
5/1/1983,10.1,57.3,52.7,72.3044,#N/A,#N/A,#N/A,0.051092383,#N/A,4.25,0.035639413,#N/A,#N/A,#N/A
6/1/1983,10.1,57.8,56.8,72.8037,#N/A,#N/A,#N/A,0.050778265,#N/A,4.07,0.029075805,#N/A,#N/A,#N/A
7/1/1983,9.4,58.1,59.1,73.8194,#N/A,#N/A,12,0.051071992,#N/A,3.8,0.029989659,#N/A,#N/A,#N/A
8/1/1983,9.5,58.2,63.2,74.3361,#N/A,#N/A,#N/A,0.05165281,#N/A,3.71,0.029866117,#N/A,#N/A,#N/A
9/1/1983,9.2,58.4,64,75.6842,#N/A,#N/A,#N/A,0.051996433,#N/A,3.8,0.034943474,#N/A,#N/A,#N/A
10/1/1983,8.8,58.4,64.7,76.4786,#N/A,#N/A,13,0.047258979,#N/A,3.57,0.036847492,#N/A,#N/A,#N/A
11/1/1983,8.5,58.7,69.6,76.6721,#N/A,#N/A,#N/A,0.045747018,#N/A,3.69,0.043032787,#N/A,#N/A,#N/A
12/1/1983,8.3,58.8,72.7,76.8074,#N/A,#N/A,#N/A,0.043114405,#N/A,3.64,0.048353909,#N/A,3.87557,#N/A
1/1/1984,8,58.8,73.8,78.1174,#N/A,#N/A,14,0.039120137,#N/A,3.59,0.048155738,#N/A,4.02647,#N/A
2/1/1984,7.8,59.1,76.9,78.8826,#N/A,#N/A,#N/A,0.041698901,#N/A,3.65,0.048008172,#N/A,4.07396,#N/A
3/1/1984,7.8,59.1,77.7,79.1147,#N/A,#N/A,#N/A,0.044250864,#N/A,3.79,0.049949032,#N/A,4.14684,#N/A
4/1/1984,7.7,59.3,78.8,79.3692,#N/A,#N/A,14,0.045984094,#N/A,3.78,0.04969574,#N/A,4.15442,#N/A
5/1/1984,7.4,59.7,81.4,79.4201,#N/A,#N/A,#N/A,0.046878305,#N/A,3.7,0.051619433,#N/A,4.03773,#N/A
6/1/1984,7.2,59.9,87,79.6106,#N/A,#N/A,#N/A,0.044458479,#N/A,3.71,0.051463169,#N/A,4.03711,#N/A
7/1/1984,7.5,59.8,84.2,79.7796,#N/A,#N/A,15,0.041955782,#N/A,3.8,0.050200803,#N/A,4.09965,#N/A
8/1/1984,7.5,59.6,85.4,79.7345,#N/A,#N/A,#N/A,0.040037825,#N/A,3.88,0.051,#N/A,4.1837,#N/A
9/1/1984,7.3,59.7,84.5,79.3531,#N/A,#N/A,#N/A,0.037446552,#N/A,3.86,0.050645482,#N/A,4.22952,#N/A
10/1/1984,7.4,59.7,83.8,79.4324,#N/A,#N/A,16,0.037943742,#N/A,3.94,0.049358342,#N/A,4.2049,#N/A
11/1/1984,7.2,59.8,87,79.4549,#N/A,#N/A,#N/A,0.037761687,#N/A,3.77,0.046168959,#N/A,4.07002,#N/A
12/1/1984,7.3,59.9,84.3,79.4996,#N/A,#N/A,#N/A,0.041107445,#N/A,3.88,0.047105005,#N/A,4.05269,#N/A
1/1/1985,7.3,59.9,88.8,78.9727,#N/A,#N/A,17,0.043532687,#N/A,3.73,0.044965787,#N/A,3.80568,#N/A
2/1/1985,7.2,60,88.6,78.4962,#N/A,#N/A,#N/A,0.042554772,#N/A,3.83,0.046783626,#N/A,3.87703,#NA
3/1/1985,7.2,60.2,84.5,78.8654,#N/A,#N/A,#N/A,0.042412696,#N/A,3.83,0.047572816,#N/A,3.961,#NA
4/1/1985,7.3,60.1,89,78.3294,#N/A,#N/A,16,0.038863013,#N/A,3.63,0.045410628,#N/A,3.8087,#NA
5/1/1985,7.2,60.1,86.9,78.2494,#N/A,#N/A,#N/A,0.040168978,#N/A,3.72,0.045235804,#N/A,3.78414,#NA
6/1/1985,7.4,59.8,88.8,78.181,#N/A,#N/A,#N/A,0.041246748,#N/A,3.78,0.044145873,#N/A,3.88942,#NA
7/1/1985,7.4,59.9,90.4,77.517,#N/A,#N/A,16,0.039846743,#N/A,3.58,0.04206501,#N/A,3.74771,#NA
8/1/1985,7.1,60,88.9,77.818,#N/A,#N/A,#N/A,0.041478761,#N/A,3.57,0.040913416,#N/A,3.49777,#NA
9/1/1985,7.1,60.3,86.2,77.7389,#N/A,#N/A,#N/A,0.041977595,#N/A,3.52,0.039697543,#N/A,3.41915,#NA
10/1/1985,7.1,60.3,88.1,77.3819,#N/A,#N/A,15,0.041212275,#N/A,3.48,0.041392286,#N/A,3.40627,#NA
11/1/1985,7,60.4,88.1,77.7653,#N/A,#N/A,#N/A,0.041448998,#N/A,3.63,0.044131455,#N/A,3.63118,#NA
12/1/1985,7,60.4,87.4,77.9906,#N/A,#N/A,#N/A,0.040150519,#N/A,3.64,0.043111528,#N/A,3.74477,#NA
1/1/1986,6.7,60.6,89.1,78.7646,#N/A,#N/A,18,0.039997852,#N/A,3.74,0.043966324,#N/A,3.81595,#NA
2/1/1986,7.2,60.3,89.3,78.2226,#N/A,#N/A,15,0.037166975,#N/A,3.49,0.041899441,#N/A,3.4882,2.005940401
3/1/1986,7.2,60.5,86.1,77.9506,#N/A,#N/A,19,0.036499459,#N/A,3.28,0.040778499,#N/A,3.28948,1.982975486
4/1/1986,7.1,60.5,89.4,78.1883,#N/A,#N/A,16,0.03691299,#N/A,3.33,0.041589649,#N/A,3.26207,1.906892729
5/1/1986,7.2,60.5,89.2,78.2634,#N/A,#N/A,15,0.034874276,#N/A,3.25,0.039594843,#N/A,3.25579,1.760095472
6/1/1986,7.2,60.7,89.2,77.9102,#N/A,#N/A,18,0.034368676,#N/A,3.23,0.039522059,#N/A,3.24324,1.662082727
7/1/1986,7,60.8,89.6,78.3052,#N/A,#N/A,16,0.033091203,#N/A,3.25,0.041284404,#N/A,3.27229,1.606943044
8/1/1986,6.9,60.8,86.3,78.371,#N/A,#N/A,15,0.030101444,#N/A,3.16,0.040219378,#N/A,3.37704,1.634908279
9/1/1986,7,60.8,86,78.4176,#N/A,#N/A,17,0.031330046,#N/A,3.18,0.040909091,#N/A,3.42345,1.610625912
10/1/1986,7,60.9,82.6,78.6026,#N/A,#N/A,16,0.033195887,#N/A,3.25,0.039747064,#N/A,3.39974,1.763280255
11/1/1986,6.9,60.9,83.2,78.8347,#N/A,#N/A,17,0.032908668,#N/A,3.17,0.037769784,#N/A,3.21105,1.866009639
12/1/1986,6.6,61,88.6,79.3604,#N/A,#N/A,16,0.031434457,#N/A,3.1,0.037735849,#N/A,3.14554,1.949580182
1/1/1987,6.6,61,85.4,78.9439,#N/A,#N/A,17,0.028130218,#N/A,3.12,0.037634409,#N/A,3.27466,1.870019572
2/1/1987,6.6,61.1,86.6,79.9107,#N/A,#N/A,20,0.027593194,#N/A,3.18,0.037533512,#N/A,3.43413,1.925129434
3/1/1987,6.6,61.2,89.4,79.7702,#N/A,#N/A,18,0.027613243,#N/A,3.38,0.040071238,#N/A,3.48904,1.953698866
4/1/1987,6.3,61.3,87.7,79.9965,#N/A,#N/A,19,0.030061696,#N/A,3.55,0.041703638,#N/A,3.70028,2.107235321
5/1/1987,6.3,61.6,91.7,80.3768,#N/A,#N/A,21,0.031224939,#N/A,3.63,0.041629761,#N/A,3.8336,2.155382559
6/1/1987,6.2,61.4,94.6,80.492,#N/A,#N/A,17,0.030963966,#N/A,3.57,0.040671972,#N/A,3.7803,2.225074219
7/1/1987,6.1,61.6,95.3,80.8701,#N/A,#N/A,20,0.031827446,#N/A,3.57,0.039647577,#N/A,3.82668,2.323307528
8/1/1987,6,61.8,99.3,81.0817,#N/A,#N/A,22,0.033222028,#N/A,3.72,0.042179262,#N/A,3.96045,2.229322735
9/1/1987,5.9,61.6,101.8,81.3768,#N/A,#N/A,19,0.034010847,#N/A,3.69,0.04279476,#N/A,4.03084,2.224329184
10/1/1987,6,61.8,104.4,82.5564,#N/A,#N/A,20,0.035093037,#N/A,3.72,0.043440487,#N/A,4.07389,2.243778822
11/1/1987,5.8,61.9,100.6,82.9263,#N/A,#N/A,21,0.035120148,#N/A,3.72,0.044194107,#N/A,4.09745,2.414817703
12/1/1987,5.7,62,103.4,83.2989,#N/A,#N/A,22,0.035947438,#N/A,3.62,0.042424242,#N/A,3.93389,2.504067824
1/1/1988,5.7,62,103.8,83.063,#N/A,#N/A,25,0.038361715,0.040682836,3.62,0.043177893,#N/A,3.77085,2.611727659
2/1/1988,5.7,62.1,108.7,83.1639,#N/A,#N/A,21,0.038281589,0.040302055,3.57,0.043066322,#N/A,3.76019,2.584627487
3/1/1988,5.7,61.9,104.8,83.3611,#N/A,#N/A,18,0.039582188,0.040846134,3.54,0.043664384,#N/A,3.79693,2.620347176
4/1/1988,5.4,62.2,103.7,84.0308,#N/A,#N/A,22,0.040416777,0.041796986,3.49,0.042589438,#N/A,3.79001,2.755133511
5/1/1988,5.6,62,107,83.8981,#N/A,#N/A,21,0.041117196,0.042108598,3.48,0.043367347,#N/A,3.74376,2.811854642
6/1/1988,5.4,62.3,108.3,83.994,#N/A,#N/A,20,0.04270768,0.043271469,3.59,0.045029737,#N/A,3.83903,2.882933054
7/1/1988,5.4,62.3,108.8,84.0209,#N/A,#N/A,20,0.04429338,0.044286686,3.77,0.044915254,#N/A,3.94462,3.007539958
8/1/1988,5.6,62.4,110.6,84.0086,#N/A,#N/A,24,0.043374838,0.042900362,3.71,0.043844857,#N/A,3.94318,3.080873285
9/1/1988,5.4,62.4,107.5,84.217,#N/A,#N/A,23,0.044820261,0.043937773,3.86,0.04438861,#N/A,4.05401,3.166591335
10/1/1988,5.4,62.5,106.8,84.6193,#N/A,#N/A,24,0.044152337,0.044101976,3.81,0.044962531,#N/A,4.11811,3.134631722
11/1/1988,5.3,62.7,106.9,84.754,#N/A,#N/A,23,0.044756494,0.044466613,3.85,0.043983402,#N/A,4.10575,3.143091295
12/1/1988,5.3,62.6,112.9,85.0202,#N/A,#N/A,24,0.04587795,0.04650062,4,0.046511628,#N/A,4.26531,3.160766986
1/1/1989,5.4,62.9,111.8,85.5513,#N/A,#N/A,25,0.046249113,0.046628338,4.04,0.046357616,#N/A,4.37497,3.341787421
2/1/1989,5.2,62.9,114.4,84.6381,#N/A,#N/A,24,0.046654972,0.047538806,4.13,0.047894302,#N/A,4.49906,3.341563337
3/1/1989,5,62.9,112.3,84.419,#N/A,#N/A,25,0.04523821,0.04613052,4.15,0.046759639,#N/A,4.6171,3.391184944
4/1/1989,5.2,62.9,114.7,84.3981,#N/A,#N/A,23,0.043582956,0.044791934,4.14,0.045751634,#N/A,4.56929,3.31014332
5/1/1989,5.2,62.9,113,83.519,#N/A,#N/A,22,0.043116875,0.045095937,4.22,0.045639772,#N/A,4.74939,3.240808589
6/1/1989,5.3,63,112.8,83.5043,#N/A,#N/A,23,0.041449055,0.044202506,4.1,0.044715447,#N/A,4.65997,3.198313069
7/1/1989,5.2,63,113.8,82.3659,#N/A,#N/A,23,0.039735204,0.043901587,4.01,0.04622871,#N/A,4.64319,3.056621557
8/1/1989,5.2,63.1,111.3,82.8442,#N/A,#N/A,19,0.038552853,0.043909708,3.92,0.044426494,#N/A,4.47236,3.082206177
9/1/1989,5.3,62.8,109.7,82.4702,#N/A,#N/A,22,0.036516898,0.042940045,3.76,0.042502005,#N/A,4.23858,3.048988348
10/1/1989,5.3,62.9,110.2,82.1186,#N/A,#N/A,22,0.036411511,0.042757321,3.91,0.043027888,#N/A,4.3498,3.026656596
11/1/1989,5.4,63,108.9,82.0599,#N/A,#N/A,24,0.036313066,0.04309022,3.89,0.043720191,#N/A,4.49924,2.836093294
12/1/1989,5.4,63,106.4,81.9071,#N/A,#N/A,20,0.035965986,0.042063727,3.91,0.043650794,#N/A,4.57989,2.727099644
1/1/1990,5.4,63.2,105.6,81.5426,#N/A,#N/A,23,0.034679408,0.040857812,3.83,0.044303797,#N/A,4.64748,2.799890149
2/1/1990,5.3,63.2,107.6,82.5362,#N/A,#N/A,21,0.037148656,0.042937573,3.79,0.046493302,#N/A,4.62444,2.911812054
3/1/1990,5.2,63.2,107.4,82.7365,#N/A,#N/A,19,0.038956858,0.045823183,3.92,0.049373041,#N/A,4.62694,2.958755116
4/1/1990,5.4,63,104.3,82.3284,#N/A,#N/A,21,0.038706621,0.045514613,3.88,0.0484375,#N/A,4.56138,2.924940576
5/1/1990,5.4,63.1,104,82.2836,#N/A,#N/A,22,0.038683629,0.045661261,3.77,0.047544817,#N/A,4.36058,3.030598499
6/1/1990,5.2,62.9,99.7,82.329,#N/A,#N/A,19,0.040012157,0.04642252,3.91,0.049027237,#N/A,4.60187,3.086755575
7/1/1990,5.5,62.8,103.5,81.9925,#N/A,#N/A,19,0.039929661,0.04703072,3.93,0.050387597,#N/A,4.69617,3.152573644
8/1/1990,5.7,62.7,95.6,82.0723,#N/A,#N/A,20,0.042920079,0.049503447,4.12,0.05491106,#N/A,4.98999,3.202720249
9/1/1990,5.9,62.5,95.5,81.9031,#N/A,#N/A,19,0.043061046,0.048308814,4.12,0.055384615,#N/A,5.09379,3.25834129
10/1/1990,5.9,62.5,85.5,81.0748,#N/A,#N/A,18,0.042739026,0.047930972,3.99,0.052711994,#N/A,4.9526,3.269288
11/1/1990,6.2,62.3,84.3,79.9932,#N/A,#N/A,16,0.041188113,0.046443904,3.86,0.052551409,#N/A,4.88696,3.120030969
12/1/1990,6.3,62.2,80.7,79.2564,#N/A,#N/A,15,0.039561623,0.045499446,3.82,0.051711027,#N/A,4.85624,3.062095935
1/1/1991,6.4,62,78.3,78.5158,#N/A,#N/A,15,0.040771637,0.04807979,3.8,0.056060606,#N/A,4.96195,2.995007094
2/1/1991,6.6,61.9,76.8,77.9206,#N/A,#N/A,14,0.038471802,0.046167764,3.71,0.056475904,#N/A,4.90506,3.013337
3/1/1991,6.8,61.8,74.7,77.275,#N/A,#N/A,16,0.035740109,0.043210969,3.42,0.052277819,#N/A,4.68818,2.991262561
4/1/1991,6.7,62,73.9,77.3733,#N/A,#N/A,14,0.034572042,0.042768959,3.33,0.051415797,#N/A,4.64435,2.840243463
5/1/1991,6.9,61.6,72,77.8348,#N/A,#N/A,13,0.035658756,0.043081609,3.44,0.051339286,#N/A,4.74132,2.744212639
6/1/1991,6.9,61.7,71.2,78.598,#N/A,#N/A,14,0.033884684,0.041387057,3.22,0.049703264,#N/A,4.42886,2.653063474
7/1/1991,6.8,61.6,70.2,78.6816,#N/A,#N/A,15,0.034562682,0.040965501,3.1,0.04797048,#N/A,4.29063,2.636209232
8/1/1991,6.9,61.5,70,78.8068,#N/A,#N/A,14,0.033053652,0.039253986,2.9,0.046187683,#N/A,4.06268,2.626657008
9/1/1991,6.9,61.6,67.2,79.5487,#N/A,#N/A,14,0.033501128,0.040861363,2.88,0.045189504,#N/A,4.05573,2.594901888
10/1/1991,7,61.5,62,79.2959,#N/A,#N/A,13,0.032308291,0.039760889,2.81,0.044267054,#N/A,3.87822,2.38617533
11/1/1991,7,61.4,58,79.0369,#N/A,#N/A,10,0.033020838,0.039993115,2.95,0.044862518,#N/A,3.88453,2.275267239
12/1/1991,7.3,61.2,56.5,78.8384,#N/A,#N/A,12,0.034187174,0.040427177,2.98,0.044107014,#N/A,3.84861,2.159923451
1/1/1992,7.3,61.5,57.9,78.1916,#N/A,#N/A,12,0.0319321,0.037197195,2.87,0.039454806,#N/A,3.48415,2.058481751
2/1/1992,7.4,61.3,55.5,78.7768,#N/A,#N/A,13,0.032035633,0.036716236,2.88,0.037776194,#N/A,3.34859,2.07809484
3/1/1992,7.4,61.5,57.9,79.3647,#N/A,#N/A,13,0.032526464,0.036404234,2.97,0.039034776,#N/A,3.42655,2.033762659
4/1/1992,7.4,61.6,59.8,79.6169,#N/A,#N/A,14,0.033900233,0.036871036,2.92,0.038979447,#N/A,3.37282,2.105601911
5/1/1992,7.6,61.5,65.6,79.9039,-3.158435343,#N/A,16,0.031258409,0.034451292,2.79,0.038216561,#N/A,3.26001,2.045517889
6/1/1992,7.8,61.5,65.7,79.9166,-1.53566933,#N/A,15,0.029820371,0.033004133,2.78,0.038162544,#N/A,3.34913,2.022360994
7/1/1992,7.7,61.6,62.8,80.4066,-1.702598869,#N/A,16,0.030589959,0.033392431,2.8,0.037323944,#N/A,3.23779,1.831581909
8/1/1992,7.6,61.6,58.8,79.8436,-2.15595028,#N/A,14,0.028721984,0.0311582,2.73,0.035038542,#N/A,3.13487,1.900620173
9/1/1992,7.6,61.4,60.3,79.6614,-2.135562014,#N/A,14,0.026326839,0.028448694,2.6,0.032775453,#N/A,2.98612,1.881688648
10/1/1992,7.3,61.3,59.7,79.993,-1.858411823,#N/A,14,0.028057092,0.029893032,2.63,0.035441279,#N/A,3.13096,1.990425029
11/1/1992,7.4,61.4,61.3,80.1183,-1.849176129,#N/A,14,0.028480219,0.030386207,2.61,0.033933518,#N/A,3.02737,2.021588248
12/1/1992,7.4,61.4,64.2,79.7778,-1.385502553,#N/A,15,0.027939254,0.029513746,2.51,0.033240997,#N/A,2.8993,2.059647302
1/1/1993,7.3,61.4,69.4,80.432,-2.054946944,#N/A,16,0.028156121,0.029293982,2.51,0.034506556,#N/A,2.94899,2.107221626
2/1/1993,7.1,61.4,66.8,80.4092,-2.142859802,#N/A,15,0.027375469,0.027621665,2.53,0.035714286,#N/A,3.01302,2.033862506
3/1/1993,7,61.5,66.6,80.106,-2.457304697,#N/A,16,0.027003532,0.026753208,2.46,0.034153005,#N/A,2.88822,2.018599206
4/1/1993,7.1,61.5,66.2,80.3952,-2.46239112,#N/A,15,0.026695824,0.026194166,2.54,0.03478854,#N/A,3.00083,1.978653685
5/1/1993,7.1,61.7,67.6,80.2168,-2.269149567,#N/A,16,0.02870406,0.027739703,2.58,0.034083163,#N/A,3.00575,2.118884599
6/1/1993,7,61.8,66.5,79.9793,-2.299959839,#N/A,16,0.028915696,0.027610149,2.55,0.033356025,#N/A,2.88397,2.175246346
7/1/1993,6.9,61.8,68.2,80.0724,-2.840277575,#N/A,16,0.027152662,0.025883148,2.52,0.031907671,#N/A,2.78368,2.121767107
8/1/1993,6.8,62,68,79.839,-2.73421122,#N/A,17,0.028165936,0.027205833,2.51,0.033175355,#N/A,2.84379,1.995377794
9/1/1993,6.7,61.7,70,80.2236,-2.159523214,#N/A,16,0.028051658,0.026341319,2.55,0.032410533,#N/A,2.85858,1.93296111
10/1/1993,6.8,61.8,70.3,80.7569,-2.489723043,#N/A,17,0.025742736,0.023724856,2.5,0.030201342,#N/A,2.81388,1.864440658
11/1/1993,6.6,61.9,73.4,80.9541,-1.75558055,#N/A,17,0.026065034,0.023707214,2.43,0.030810449,#N/A,2.83367,1.789562743
12/1/1993,6.5,62,73.2,81.2181,-1.682871114,#N/A,18,0.02459582,0.022359435,2.4,0.03150134,#N/A,2.89033,1.719472474
1/1/1994,6.6,62.2,76.9,81.1954,-1.861115551,#N/A,20,0.022447658,0.020012791,2.36,0.029352902,#N/A,2.75827,1.712948631
2/1/1994,6.6,62.3,80.5,81.1139,-1.565217375,#N/A,20,0.022674027,0.020904579,2.36,0.027851459,#N/A,2.7756,1.699274123
3/1/1994,6.5,62.1,80.6,81.974,-1.7406007,#N/A,24,0.023982587,0.022151689,2.42,0.029062087,#N/A,2.82464,1.673296904
4/1/1994,6.4,62.3,85.6,82.4211,-1.524429428,#N/A,21,0.022478533,0.021273496,2.31,0.027686223,#N/A,2.63854,1.700575314
5/1/1994,6.1,62.5,82.2,82.7263,-0.52388335,#N/A,21,0.021307842,0.02049413,2.27,0.028345419,#N/A,2.63967,1.810645551
6/1/1994,6.1,62.3,86.4,82.6924,-1.213250792,#N/A,19,0.022541148,0.021972366,2.34,0.028985507,#N/A,2.7084,1.866051163
7/1/1994,6.1,62.3,86.6,82.7388,-1.203499246,#N/A,22,0.022628048,0.021701057,2.35,0.028947368,#N/A,2.79436,1.839868947
8/1/1994,6,62.6,87.4,83.1068,-0.861693435,#N/A,23,0.021748084,0.020609884,2.34,0.028833552,#N/A,2.83127,1.860625154
9/1/1994,5.9,62.7,87.3,83.1547,-1.601760682,#N/A,22,0.021741437,0.020361545,2.31,0.030085023,#N/A,2.8443,1.878314238
10/1/1994,5.8,62.9,86.4,83.6852,-0.796705107,#N/A,23,0.022487683,0.020985987,2.26,0.029315961,#N/A,2.70021,1.910700128
11/1/1994,5.6,63,92.3,84.0249,-1.036652856,#N/A,21,0.021809775,0.019889113,2.28,0.027940221,#N/A,2.71035,1.87208955
12/1/1994,5.5,63.1,96.9,84.6077,-0.632134668,#N/A,21,0.021734251,0.019791885,2.25,0.025990903,#N/A,2.52664,1.865305221
1/1/1995,5.6,63,97.1,84.4511,-0.561110312,#N/A,24,0.02339297,0.023068684,2.35,0.028515878,#N/A,2.6973,1.970150275
2/1/1995,5.4,63.1,97.3,83.9652,-1.699753063,#N/A,25,0.02279011,0.022262193,2.29,0.029677419,#N/A,2.69873,1.965800198
3/1/1995,5.4,63.1,98.7,83.8328,-1.389617065,#N/A,23,0.021728291,0.021281848,2.24,0.029525032,#N/A,2.71205,1.988153585
4/1/1995,5.8,63.1,99.3,83.3856,-1.817832906,#N/A,23,0.022547722,0.022036602,2.3,0.030788967,#N/A,2.81665,1.834867201
5/1/1995,5.6,62.7,98.7,83.1316,-1.811719079,#N/A,25,0.021922142,0.021104799,2.26,0.030769231,#N/A,2.81481,1.851025319
6/1/1995,5.6,62.7,96.4,83.1801,-1.209193806,#N/A,23,0.020505061,0.019537202,2.18,0.030089629,#N/A,2.71575,1.826390585
7/1/1995,5.7,62.8,100.9,82.3214,-1.928253579,#N/A,25,0.019940647,0.019332637,2.15,0.030051151,#N/A,2.68746,1.743847564
8/1/1995,5.7,62.8,99,82.8982,-1.609316874,#N/A,24,0.021285172,0.020863383,2.2,0.029299363,#N/A,2.65378,1.675639029
9/1/1995,5.6,62.9,97.6,83.2247,-1.002600598,#N/A,23,0.021097046,0.021486285,2.21,0.029206349,#N/A,2.67365,1.614802022
10/1/1995,5.5,62.9,93.6,82.7514,-1.582728839,#N/A,25,0.021138254,0.021581718,2.3,0.030379747,#N/A,2.80961,1.63272359
11/1/1995,5.6,62.8,97.1,82.4208,-1.835055806,#N/A,22,0.019935101,0.020501314,2.26,0.03034134,#N/A,2.69725,1.500036603
12/1/1995,5.6,62.7,96.8,82.3267,-1.280065592,#N/A,24,0.021013453,0.021343418,2.3,0.030398987,#N/A,2.85047,1.423053054
1/1/1996,5.6,62.7,95,81.2829,-1.621844372,#N/A,25,0.019802746,0.018015832,2.24,0.029615627,#N/A,2.8554,1.353525053
2/1/1996,5.5,62.9,98.4,82.1694,-1.888494151,#N/A,25,0.019514707,0.018092567,2.24,0.028822055,#N/A,2.82247,1.455036843
3/1/1996,5.5,63,96.3,81.5635,-1.539613778,#N/A,23,0.019391293,0.017861459,2.25,0.028054863,#N/A,2.82791,1.469181035
4/1/1996,5.6,63,101.6,81.9965,-0.410117263,#N/A,25,0.018411747,0.016637478,2.21,0.026757934,#N/A,2.78093,1.340307378
5/1/1996,5.6,63,102,82.156,-1.015321344,#N/A,26,0.018509754,0.016676805,2.24,0.026741294,#N/A,2.78944,1.340643225
6/1/1996,5.3,63.2,101,82.6052,-0.770268596,#N/A,27,0.018508104,0.016769046,2.28,0.026724674,#N/A,2.80935,1.312148918
7/1/1996,5.5,63.3,104.1,82.4014,-0.61859109,#N/A,25,0.018823379,0.016449822,2.32,0.027312228,#N/A,2.86979,1.4382962
8/1/1996,5.1,63.3,105.1,82.4755,-0.689741516,#N/A,29,0.017340378,0.014457284,2.31,0.025990099,#N/A,2.79992,1.408548546
9/1/1996,5.2,63.4,106,82.5738,-0.484059056,#N/A,24,0.018957406,0.01550495,2.37,0.026526835,#N/A,2.82843,1.418095189
10/1/1996,5.2,63.5,103,82.0715,0.020258496,#N/A,26,0.018886831,0.015080871,2.34,0.025798526,#N/A,2.81141,1.446145297
11/1/1996,5.4,63.4,105.1,82.2615,-0.146705563,#N/A,25,0.019596162,0.015780084,2.4,0.025766871,#N/A,2.90234,1.457543608
12/1/1996,5.4,63.4,108.1,82.5067,-0.89166122,#N/A,24,0.01854313,0.014810166,2.39,0.02642901,#N/A,2.87133,1.472646193
1/1/1997,5.3,63.4,112.3,82.0959,-1.050811458,#N/A,27,0.018368921,0.015602463,2.35,0.025091799,#N/A,2.77555,1.464970337
2/1/1997,5.2,63.4,114,82.7827,0.161937755,#N/A,26,0.019153799,0.015616977,2.36,0.024969549,#N/A,2.7371,1.611884902
3/1/1997,5.2,63.6,114.6,83.2506,-0.256572489,#N/A,24,0.019249181,0.016160682,2.31,0.024863554,#N/A,2.63081,1.687282738
4/1/1997,5.1,63.7,111.6,82.596,0.480115321,#N/A,27,0.01982764,0.016702243,2.31,0.026666667,#N/A,2.57929,1.722804274
5/1/1997,4.9,63.8,117.5,82.816,-0.12288091,#N/A,25,0.018889252,0.015717705,2.23,0.025439128,#N/A,2.50081,1.623157459
6/1/1997,5,63.7,119.5,82.8181,0.576403328,#N/A,26,0.019564781,0.016604591,2.22,0.024213075,#N/A,2.52025,1.601078656
7/1/1997,4.9,63.9,119.3,82.6841,0.758503257,#N/A,29,0.018287718,0.01549944,2.13,0.024169184,#N/A,2.44406,1.468627327
8/1/1997,4.8,63.9,120.2,83.4482,0.698124529,#N/A,28,0.016982242,0.014723804,2.05,0.02291918,#N/A,2.38005,1.372957811
9/1/1997,4.9,63.9,120.3,83.561,0.834490229,#N/A,28,0.015946894,0.013928682,2.04,0.021634615,#N/A,2.31633,1.286615653
10/1/1997,4.7,63.9,114.7,83.4766,0.853972369,#N/A,28,0.015125674,0.012554011,1.89,0.022754491,#N/A,2.26112,1.258450637
11/1/1997,4.6,64.1,119,83.7841,0.380281076,#N/A,28,0.014122503,0.011713049,1.8,0.0215311,#N/A,2.16004,1.223967042
12/1/1997,4.7,64,124.1,83.5238,0.90522839,#N/A,28,0.014353175,0.012639911,1.72,0.022155689,#N/A,2.12599,1.178137683
1/1/1998,4.6,64,123.7,83.5774,0.06840023,#N/A,27,0.014735457,0.012522383,1.65,0.022089552,#N/A,2.05384,1.041446194
2/1/1998,4.6,64,129.6,83.0279,1.258856283,#N/A,26,0.013404693,0.012084443,1.6,0.022578728,#N/A,2.00169,0.98993822
3/1/1998,4.7,64,131.2,82.3109,1.260522656,#N/A,28,0.012001285,0.010565546,1.63,0.021301775,#N/A,2.06373,0.918650162
4/1/1998,4.3,64.1,130,82.1235,0.833805761,#N/A,29,0.01199097,0.010129287,1.61,0.021251476,#N/A,2.06831,0.859048369
5/1/1998,4.4,64.1,130.2,81.9945,0.762320294,#N/A,27,0.012190913,0.0105413,1.69,0.022445363,#N/A,2.10663,0.903310174
6/1/1998,4.5,64,131.2,80.8495,1.3580657,#N/A,31,0.009514666,0.007596922,1.62,0.022458629,#N/A,2.04488,0.892730888
7/1/1998,4.5,64,132.1,79.9661,0.951629773,#N/A,29,0.011636632,0.010228331,1.67,0.022418879,#N/A,2.06056,0.955916023
8/1/1998,4.5,63.9,131,81.477,1.143569774,#N/A,28,0.013966824,0.012769921,1.73,0.024764151,#N/A,2.14741,0.924284129
9/1/1998,4.6,64.2,130.9,80.72,2.189372354,#N/A,27,0.011803142,0.010654695,1.68,0.024705882,#N/A,2.03241,0.921621463
10/1/1998,4.5,64.1,126.6,81.0543,2.30954521,#N/A,32,0.012190037,0.012227181,1.75,0.022833724,#N/A,2.00919,0.87656171
11/1/1998,4.4,64.2,126.3,80.7336,2.376561528,#N/A,28,0.011927674,0.012274289,1.76,0.023419204,#N/A,2.0091,0.94342208
12/1/1998,4.4,64.3,127.9,80.746,1.903555456,#N/A,30,0.013108729,0.013178304,1.8,0.024018746,#N/A,1.97406,0.964929943
1/1/1999,4.3,64.4,133.6,80.5625,1.900081073,#N/A,29,0.013603944,0.013477418,1.83,0.023948598,#N/A,1.93171,1.060466832
2/1/1999,4.4,64.2,135.9,80.7579,2.315761622,#N/A,31,0.012885086,0.012256933,1.79,0.020918071,#N/A,1.86198,1.107374155
3/1/1999,4.2,64.2,135.1,80.3454,2.558150204,#N/A,32,0.012139865,0.011599177,1.72,0.020857474,#N/A,1.76306,1.160138757
4/1/1999,4.3,64.2,135.1,80.2661,2.202426518,#N/A,33,0.012616874,0.012786853,1.77,0.021965318,#N/A,1.86495,1.254143093
5/1/1999,4.2,64.3,135.1,80.6491,2.401412383,#N/A,27,0.012287645,0.012507893,1.71,0.020219526,#N/A,1.77143,1.25357255
6/1/1999,4.3,64.2,135,80.0029,2.076970564,#N/A,31,0.013924112,0.014288841,1.72,0.020809249,#N/A,1.7381,1.290012481
7/1/1999,4.3,64.2,137.9,80.0511,2.775106954,#N/A,29,0.012949745,0.012561991,1.77,0.020773226,#N/A,1.72307,1.284672847
8/1/1999,4.2,64.2,136.7,80.2094,2.399692361,#N/A,28,0.01145645,0.010261375,1.73,0.018987342,#N/A,1.6908,1.342801795
9/1/1999,4.2,64.2,134.8,79.6447,2.682496276,#N/A,29,0.01427531,0.012733149,1.77,0.020091848,#N/A,1.86952,1.379662041
10/1/1999,4.1,64.3,134.3,80.4609,3.036789511,#N/A,32,0.013957546,0.011994927,1.78,0.020606754,#N/A,1.81613,1.542250215
11/1/1999,4.1,64.4,136.3,80.6366,3.461092373,#N/A,30,0.01477928,0.012741392,1.82,0.020594966,#N/A,1.81105,1.567671081
12/1/1999,4,64.4,140,80.8608,3.865823014,#N/A,32,0.014426507,0.012066638,1.85,0.019450801,#N/A,1.85884,1.630326056
1/1/2000,4,64.6,144,80.6749,2.630851361,#N/A,31,0.015086961,0.012997328,1.98,0.019965773,#N/A,2.03119,1.817732352
2/1/2000,4.1,64.6,139.8,80.5596,2.809615451,#N/A,32,0.016595457,0.014587997,2.09,0.021627775,#N/A,2.19321,1.90150119
3/1/2000,4,64.6,142.7,80.751,3.138953731,#N/A,33,0.018413717,0.015941959,2.21,0.024404086,#N/A,2.41579,2.00610019
4/1/2000,3.8,64.7,140.3,80.9157,4.02983901,#N/A,34,0.016552704,0.013585522,2.16,0.023190045,#N/A,2.26983,1.908986856
5/1/2000,4,64.4,142,80.4405,3.753639678,#N/A,34,0.016890429,0.013576723,2.22,0.024348811,#N/A,2.39313,1.954781728
6/1/2000,4,64.5,142.5,80.2545,3.729066701,#N/A,34,0.017124029,0.013128394,2.28,0.024915062,#N/A,2.55657,1.979559644
7/1/2000,4,64.2,146.2,79.9441,2.735293032,#N/A,33,0.017537752,0.014873005,2.3,0.024872809,#N/A,2.64799,2.113911572
8/1/2000,4.1,64.2,142,79.1475,3.400422932,#N/A,35,0.01827388,0.016445477,2.33,0.025974026,#N/A,2.66643,2.06704872
9/1/2000,3.9,64.2,141.9,79.2597,3.040611428,#N/A,32,0.018191393,0.016278041,2.39,0.025886325,#N/A,2.66797,2.083419204
10/1/2000,3.9,64.2,138,78.6383,3.120495606,#N/A,32,0.018007361,0.016579532,2.43,0.025238362,#N/A,2.71678,2.067506098
11/1/2000,3.9,64.3,139.5,78.0959,2.811824908,#N/A,35,0.018754178,0.017219996,2.46,0.025784753,#N/A,2.72498,1.942715899
12/1/2000,3.9,64.4,138.4,77.3529,2.123993097,3.8,32,0.018000191,0.016329788,2.49,0.025813692,0.01863,2.83287,1.880492161
1/1/2001,4.2,64.4,136.2,76.6074,1.980838935,4.1,31,0.018727037,0.016739136,2.49,0.026286353,0.019137039,2.87901,1.76541771
2/1/2001,4.2,64.3,131.3,75.9159,1.397057827,3.7,32,0.018758385,0.017035613,2.5,0.02729805,0.019883006,2.8669,1.87824433
3/1/2001,4.3,64.3,131.2,75.465,1.099687591,3.6,26,0.017701632,0.016556331,2.46,0.026592798,0.019651454,2.76619,1.89035454
4/1/2001,4.4,64,125.9,75.0542,1.255088024,3.6,26,0.018900323,0.01805674,2.56,0.025981205,0.01950521,2.83383,1.872289062
5/1/2001,4.3,63.8,125,74.2745,1.519648901,3.4,26,0.018230645,0.017264229,2.56,0.025428413,0.018780873,2.86676,1.760006024
6/1/2001,4.5,63.7,124.4,73.5704,0.580024058,3.2,27,0.019980611,0.019597169,2.64,0.027071823,0.021132605,2.85199,1.70242462
7/1/2001,4.6,63.7,121.5,73.163,-0.039079775,3.4,25,0.020420683,0.019020873,2.61,0.027027027,0.020445198,2.74377,1.578795601
8/1/2001,4.9,63.2,117.6,72.5952,0.73695933,3.2,30,0.019831263,0.018241595,2.64,0.026967529,0.021287065,2.71782,1.520414439
9/1/2001,5,63.5,108.3,72.3257,-0.943206704,3.1,25,0.011742442,0.017169805,2.52,0.026330225,0.020061638,2.64191,1.446023286
10/1/2001,5.3,63.2,100.3,71.7606,-0.54795231,2.8,21,0.017559716,0.016790541,2.5,0.026258206,0.019928937,2.61384,1.424682555
11/1/2001,5.5,63,94.8,71.4424,-1.430899361,2.8,18,0.017881625,0.017702227,2.46,0.027868852,0.021369278,2.68053,1.42953722
12/1/2001,5.7,62.9,96,71.5732,-0.173416913,2.8,20,0.017412586,0.017719857,2.38,0.027352298,0.02182343,2.56205,1.40804406
1/1/2002,5.7,62.7,95.9,71.8714,-0.097149779,2.8,19,0.014437779,0.014956241,2.24,0.025613079,0.020264257,2.3719,1.343663763
2/1/2002,5.7,63,95.6,71.7746,-1.037178844,2.6,20,0.014811966,0.014743964,2.23,0.026030369,0.020780789,2.30683,1.330762128
3/1/2002,5.7,62.8,99.5,72.2379,-0.787343803,2.8,20,0.015111825,0.014131435,2.22,0.024284943,0.019418135,2.26508,1.302859022
4/1/2002,5.9,62.7,98.2,72.318,-0.789575205,2.6,21,0.01639954,0.014875379,2.17,0.025323276,0.020459169,2.30876,1.368804075
5/1/2002,5.8,62.9,99.4,72.7656,-1.054749375,2.8,19,0.017358166,0.015761495,2.12,0.025336927,0.02075232,2.19765,1.453786374
6/1/2002,5.8,62.7,96.9,73.598,-0.97407633,2.6,22,0.016621847,0.014717148,2.02,0.022592792,0.017337965,2.02038,1.505828919
7/1/2002,5.8,62.7,94.9,73.244,-0.783659424,2.6,22,0.01588476,0.014126747,2.04,0.022019334,0.017551659,2.07946,1.519614158
8/1/2002,5.7,62.7,93.6,73.5024,-1.520603801,2.7,20,0.01723879,0.015623373,2.01,0.02357985,0.018039201,2.12552,1.499481346
9/1/2002,5.7,63,90.5,73.5501,-1.580711727,2.6,16,0.02438571,0.016220966,2.08,0.022447889,0.018579813,2.09269,1.505875159
10/1/2002,5.7,62.7,87.4,73.2511,-2.178119196,2.8,19,0.018018018,0.015670289,2.08,0.02238806,0.018167161,2.1194,1.571702225
11/1/2002,5.9,62.5,86.9,73.6136,-2.116212207,2.8,21,0.016957348,0.014353185,2.06,0.019670388,0.015976768,2.07162,1.650835426
12/1/2002,6,62.4,82.6,73.3027,-1.885728685,2.4,16,0.01748288,0.014981575,2.1,0.019169329,0.016082855,2.06214,1.708509505
1/1/2003,5.8,62.5,85.6,73.6998,-2.35523722,2.9,19,0.017430823,0.01551869,2.07,0.019128587,0.015672779,2.09751,1.833478865
2/1/2003,5.9,62.5,81.4,73.8668,-1.965908747,2.7,20,0.016766192,0.014863094,2.01,0.01744186,0.013584546,2.14135,1.830568316
3/1/2003,5.9,62.4,79.1,74.011,-2.704073571,2.5,18,0.016974229,0.015094773,2.01,0.016859852,0.012914392,2.05661,1.874823227
4/1/2003,6,62.4,83.6,73.337,-2.154159749,2.5,17,0.015105775,0.013431125,1.85,0.01471361,0.01126806,1.80899,1.628133139
5/1/2003,6.1,62.3,79.4,73.3712,-2.552382677,2.6,16,0.015234745,0.014028217,1.82,0.015772871,0.012131749,1.74008,1.565353327
6/1/2003,6.3,62.3,79.3,73.6688,-1.761598584,2.7,17,0.014160947,0.013394185,1.74,0.015255129,0.011916423,1.76376,1.483478911
7/1/2003,6.2,62.1,78,73.7519,-1.458726048,2.6,15,0.014509741,0.01388429,1.76,0.015239096,0.011682909,1.76986,1.542530692
8/1/2003,6.1,62.1,77.2,73.5035,-1.290138356,2.6,21,0.013470996,0.012830593,1.78,0.013089005,0.010232285,1.72325,1.471712193
9/1/2003,6.1,62,74.8,74.1152,-0.851746339,2.5,19,0.01300837,0.011843542,1.75,0.012023001,0.009106281,1.72741,1.430622576
10/1/2003,6,62.1,78.1,74.0991,-0.882750352,2.5,18,0.013427306,0.012847625,1.72,0.013034411,0.009699129,1.66984,1.439506594
11/1/2003,5.8,62.3,83.9,74.8471,-0.677831079,2.7,18,0.013572868,0.012503407,1.71,0.010948905,0.008216516,1.53314,1.356415927
12/1/2003,5.7,62.2,81.6,74.7107,-0.732717804,2.7,20,0.014117008,0.012491349,1.73,0.011494253,0.008368003,1.62043,1.306856206
1/1/2004,5.7,62.3,85.2,74.7828,-1.379008673,2.7,19,0.016148366,0.014136559,1.83,0.011470282,0.009872022,1.61009,1.499548721
2/1/2004,5.6,62.3,85.6,75.3335,-0.688399575,2.8,20,0.016805963,0.015211753,1.91,0.012467532,0.011971877,1.64609,1.861992101
3/1/2004,5.8,62.2,84.8,75.2299,-0.417806176,2.7,22,0.017209685,0.016341497,1.9,0.016062176,0.015247108,1.75821,2.079705621
4/1/2004,5.6,62.3,87.6,75.554,-0.732733989,2.8,21,0.018564621,0.017572824,2.14,0.017607457,0.016915582,1.94984,2.265281922
5/1/2004,5.6,62.3,86.3,76.1277,-0.213512867,2.9,22,0.018695794,0.017346328,2.23,0.017080745,0.016632563,2.12859,2.325381848
6/1/2004,5.6,62.4,92.1,75.5964,-1.127034218,2.7,20,0.020157845,0.018443062,2.37,0.01865285,0.017086145,2.25407,2.456605858
7/1/2004,5.5,62.5,94,76.2633,-0.342763988,3.1,23,0.019540759,0.017331667,2.34,0.017598344,0.016336187,2.14837,2.549931105
8/1/2004,5.4,62.4,92.4,76.7005,-0.412165394,2.9,22,0.01938875,0.016875738,2.31,0.017054264,0.015703618,2.07597,2.611831211
9/1/2004,5.4,62.3,88.6,76.6344,-0.512556732,3,20,0.020174427,0.018080214,2.27,0.019628099,0.018853265,2.11928,2.699060445
10/1/2004,5.5,62.3,89.5,77.3638,-0.043739399,3,23,0.020550549,0.018353464,2.28,0.020072054,0.01964134,2.23831,2.799263966
11/1/2004,5.4,62.5,89.1,77.2246,-0.223998069,2.7,21,0.021041581,0.019291811,2.29,0.02166065,0.021688483,2.44003,2.647554967
12/1/2004,5.4,62.4,93,77.6196,-0.257474446,3,23,0.021159595,0.01958719,2.32,0.021694215,0.021876319,2.3646,2.618592298
1/1/2005,5.3,62.4,96.7,78.0479,0.564719782,2.8,21,0.021778807,0.019841713,2.38,0.022680412,0.021018299,2.39137,2.739258903
2/1/2005,5.4,62.4,98.7,78.5192,0.10391842,3,24,0.021682143,0.019759009,2.39,0.023601847,0.021335367,2.39495,2.817909869
3/1/2005,5.2,62.4,98,78.0472,0.294865428,3.1,24,0.022262381,0.019820061,2.42,0.02345742,0.02046497,2.3975,2.880223056
4/1/2005,5.2,62.7,97.5,78.0963,0.378883009,3.3,23,0.021035402,0.018647345,2.29,0.022391858,0.019763503,2.4989,2.761064938
5/1/2005,5.1,62.8,98.8,78.2437,-0.160463756,3,23,0.021908369,0.019725815,2.26,0.021882952,0.019776567,2.41272,2.770789134
6/1/2005,5,62.7,100,78.2214,0.601787255,3.2,20,0.020508921,0.018685374,2.18,0.02034588,0.018942894,2.25874,2.761443239
7/1/2005,5,62.8,99.1,77.9562,0.563721604,3.2,21,0.020354498,0.018564028,2.21,0.021363174,0.018059713,2.39795,2.814576049
8/1/2005,4.9,62.9,100.5,78.002,0.717257785,3.2,24,0.020614136,0.018885877,2.23,0.021341463,0.017942308,2.45523,2.823571698
9/1/2005,5,62.8,95.7,77.0435,0.215847671,3.3,23,0.021081395,0.019470981,2.38,0.019756839,0.016253365,2.59603,2.839020898
10/1/2005,5,62.8,95.4,78.021,0.120178108,3.3,21,0.022097813,0.019907627,2.47,0.020686176,0.017019913,2.56574,2.948581367
11/1/2005,5,62.7,97.5,78.4656,0.323083499,3.4,24,0.02291596,0.020588268,2.54,0.021201413,0.017592381,2.57566,2.861126131
12/1/2005,4.9,62.8,100.8,78.3863,0.943971914,3.3,22,0.022763766,0.020463787,2.5,0.02173913,0.018609261,2.53511,2.848662689
1/1/2006,4.7,62.9,106.7,78.8906,0.900985639,3.3,26,0.021543321,0.019620094,2.44,0.021169355,0.018617679,2.64799,2.709869425
2/1/2006,4.8,63,107.2,78.6355,0.780300794,3.3,26,0.021156773,0.019179221,2.37,0.020551378,0.018194236,2.53043,2.815609706
3/1/2006,4.7,63.1,107.9,78.4647,1.553381897,3.5,23,0.021126837,0.019817007,2.39,0.020926756,0.019220836,2.5161,2.830682896
4/1/2006,4.7,63,109.7,78.7915,0.752588769,3.4,31,0.022400104,0.021306074,2.49,0.022896964,0.021073213,2.48268,2.864186402
5/1/2006,4.6,63.1,108.9,78.3639,0.986954866,3.4,25,0.02195736,0.021717359,2.59,0.02440239,0.022181581,2.573,2.82596059
6/1/2006,4.6,63.1,108,78.5013,0.640301033,3.3,25,0.023746787,0.023379788,2.75,0.026420738,0.024585109,2.73771,2.818994
7/1/2006,4.7,63,109,78.2389,0.167338998,3,24,0.023409784,0.023648832,2.77,0.02689243,0.025388587,2.74365,2.67059226
8/1/2006,4.7,63.1,103.4,78.4347,0.250222432,3.4,25,0.024485091,0.024996742,2.84,0.028358209,0.026633922,2.86942,2.499212258
9/1/2006,4.5,63.1,105.3,78.3725,0.429374291,3.4,25,0.023934913,0.024277419,2.73,0.029309488,0.026869666,2.7061,2.374921298
10/1/2006,4.4,63.3,103.8,77.8862,0.289138811,3.4,27,0.022724106,0.02335585,2.63,0.027187346,0.02544921,2.6323,2.216432372
11/1/2006,4.5,63.3,103.6,77.7715,0.755918026,3.5,22,0.020691646,0.021078622,2.5,0.026198715,0.023650959,2.46545,2.200885984
12/1/2006,4.4,63.4,106.3,78.7797,0.33572785,3.5,19,0.021349311,0.02118425,2.63,0.025729837,0.02291768,2.56554,2.122556787
1/1/2007,4.6,63.3,109.9,78.2078,-0.036350623,3.5,26,0.023509217,0.023037313,2.72,0.026697927,0.022195264,2.51614,2.357773709
2/1/2007,4.5,63.3,109.9,78.3418,0.358154614,3.4,25,0.024498009,0.02375636,2.87,0.027072692,0.02202785,2.72798,2.417956411
3/1/2007,4.4,63.3,111.4,78.7299,-0.545842151,3.5,26,0.022856415,0.02175519,2.8,0.024514397,0.019142883,2.79146,2.487355207
4/1/2007,4.5,63,108.7,79.074,0.203366258,3.4,26,0.021263071,0.020658641,2.7,0.023411192,0.018005319,2.74039,2.163556059
5/1/2007,4.4,63,109.4,78.8188,0.160764191,3.4,24,0.020322495,0.019412511,2.55,0.022440447,0.016598466,2.66795,2.177155194
6/1/2007,4.6,63,107.1,78.8655,-0.10973035,3.5,26,0.019482917,0.018572066,2.46,0.022214667,0.015967287,2.63896,2.120441471
7/1/2007,4.7,62.9,111.3,78.7935,-0.345062835,3.3,23,0.019797703,0.018314241,2.38,0.022095053,0.01665413,2.57334,2.052792696
8/1/2007,4.6,62.7,107.8,78.3259,0.408915628,3.4,25,0.01944167,0.017215077,2.33,0.021340106,0.016559711,2.42615,2.024941037
9/1/2007,4.7,62.9,103.2,78.6064,0.370015957,3.4,25,0.020425943,0.018138743,2.42,0.021370656,0.01661384,2.53053,1.979963809
10/1/2007,4.7,62.7,101.3,78.2012,-0.185865813,3.2,22,0.021401696,0.019876222,2.51,0.02174206,0.016697246,2.70052,2.0788106
11/1/2007,4.7,62.9,101.9,78.4741,-0.069080751,3.2,19,0.022660842,0.021467113,2.67,0.023289981,0.018093262,2.9171,1.793041804
12/1/2007,5,62.7,100.9,78.5286,-0.013565922,3.2,21,0.02320353,0.022759152,2.63,0.024389773,0.018291502,2.94206,1.663872851
1/1/2008,5,62.9,103.2,78.1453,-0.184025324,3.2,24,0.021406696,0.021509783,2.52,0.024657587,0.019805723,3.00614,1.583005476
2/1/2008,4.9,62.8,98.1,77.691,-2.059516468,3,20,0.020171054,0.020761899,2.39,0.022734229,0.018814099,2.90132,1.868756611
3/1/2008,5.1,62.7,94.7,77.4692,-1.801520707,3,19,0.021618815,0.022098811,2.46,0.023546729,0.020039608,2.95152,1.959270705
4/1/2008,5,62.7,89.2,76.6376,-1.798114136,2.9,21,0.021909623,0.021967326,2.5,0.02257609,0.01915859,2.96508,1.877091033
5/1/2008,5.4,62.5,87.8,76.337,-1.896711664,3,15,0.022788273,0.022470971,2.57,0.023127104,0.020187147,3.09415,1.892206598
6/1/2008,5.6,62.4,84.4,76.0086,-0.556150252,2.8,21,0.023176889,0.023305814,2.6,0.024131247,0.021405236,3.29095,1.901849397
7/1/2008,5.8,62.2,83.4,75.297,-1.660112908,2.8,17,0.023091467,0.024521968,2.71,0.025095371,0.023022622,3.6299,2.034181853
8/1/2008,6.1,62,81.8,74.4037,-2.356561385,2.7,15,0.022588031,0.025369979,2.65,0.025413171,0.023123746,3.61996,1.961402218
9/1/2008,6.1,61.9,80.4,71.9894,-3.333097098,2.4,18,0.021086847,0.024900274,2.57,0.024732077,0.022482614,3.55456,1.960518581
10/1/2008,6.5,61.7,72.4,71.6443,-4.523741074,2.5,14,0.01853163,0.022999337,2.44,0.022160156,0.020645351,3.25608,1.475022632
11/1/2008,6.8,61.4,71.6,70.1547,-4.512104689,2.3,14,0.016852091,0.021915316,2.37,0.020029656,0.018859778,2.97732,1.184731915
12/1/2008,7.3,61,65,67.9237,-6.368570912,2.4,14,0.014123514,0.019716015,2.23,0.017630771,0.017262404,2.76004,0.91918602
1/1/2009,7.8,60.6,66,66.0915,-6.760081147,2.1,11,0.012330066,0.019606431,2.31,0.016801321,0.016774705,2.61003,0.687246276
2/1/2009,8.3,60.3,57.7,66.0797,-6.990191216,2.2,11,0.01214245,0.020401245,2.31,0.017856976,0.01650834,2.53634,0.609757474
3/1/2009,8.7,59.9,55.9,64.9702,-7.250083011,1.9,10,0.011129519,0.020708603,2.2,0.017559781,0.016139241,2.281,0.447189783
4/1/2009,9,59.8,58.3,64.5936,-7.41865972,1.7,9,0.012486296,0.021996928,2.17,0.018990138,0.017166392,2.16014,0.378057795
5/1/2009,9.4,59.6,61.9,64.0216,-7.480529101,1.9,9,0.011591149,0.021118482,2.07,0.01834743,0.016482625,1.90296,0.141849817
6/1/2009,9.5,59.4,59.7,63.9685,-7.687234916,1.9,11,0.010961896,0.02009261,1.97,0.017304329,0.015975504,1.62997,-0.033683101
7/1/2009,9.5,59.3,55.2,64.8471,-7.871515486,1.7,9,0.009745112,0.017910569,1.71,0.015297739,0.013928122,1.08848,-0.175674153
8/1/2009,9.6,59.1,60,65.6873,-7.424140943,1.8,8,0.009723231,0.017541009,1.69,0.014412683,0.013358681,1.06985,0.141914334
9/1/2009,9.8,58.7,56.6,66.3116,-7.499553714,2,8,0.010295466,0.017017869,1.58,0.01510177,0.013814658,0.97893,0.221485347
10/1/2009,10,58.5,54.1,66.543,-6.49461766,1.8,8,0.0132882,0.017643665,1.61,0.017085747,0.014855673,1.14902,0.51861562
11/1/2009,9.9,58.6,53.9,67.4105,-6.878444347,1.9,8,0.014175037,0.017368698,1.5,0.017047395,0.014332209,1.23079,0.674581437
12/1/2009,9.9,58.3,55,67.5709,-7.663068699,2,10,0.014914393,0.017534812,1.46,0.018162888,0.015541178,1.22316,0.84727138
1/1/2010,9.7,58.5,57.9,68.3501,-7.211096292,2.1,10,0.015574943,0.015748746,1.26,0.015536247,0.012920291,1.12381,0.989451098
2/1/2010,9.8,58.5,56.7,68.4761,-7.103753303,2,11,0.015398551,0.014214813,1.15,0.013400096,0.011466184,0.97475,1.053368025
3/1/2010,9.9,58.5,57.7,69.4826,-6.582676558,2,9,0.015600812,0.012735527,1.07,0.011068474,0.009267131,0.9458,1.164287714
4/1/2010,9.9,58.7,59.9,70.2312,-6.390993278,2.2,11,0.013284806,0.010641496,0.95,0.009231415,0.007694892,0.90167,1.25882517
5/1/2010,9.6,58.6,60.7,71.3801,-6.415082099,2.3,9,0.013461538,0.010631163,0.91,0.009423716,0.007746402,0.86081,1.327964317
6/1/2010,9.4,58.5,60.8,71.5077,-6.229734611,2.2,9,0.013183691,0.010378339,0.86,0.009038548,0.006993242,0.77493,1.414033798
7/1/2010,9.5,58.5,59.3,72.1465,-5.996112066,2.4,10,0.013591495,0.010607242,0.9,0.008698427,0.006620849,0.88442,1.455863833
8/1/2010,9.5,58.6,58.5,72.3128,-6.182779782,2.4,11,0.013345587,0.01002176,0.91,0.008902712,0.006348409,0.84886,1.300211622
9/1/2010,9.5,58.5,58,72.4697,-5.797514093,2.2,11,0.011975391,0.008899741,0.93,0.008040448,0.00529684,0.82718,1.254401572
10/1/2010,9.5,58.3,57.2,72.6083,-5.471153741,2.4,10,0.00975343,0.007102216,0.82,0.006106981,0.003892964,0.72661,1.264816343
11/1/2010,9.8,58.2,55.2,72.7967,-5.917266516,2.5,9,0.009943774,0.007586529,0.85,0.007682046,0.005447998,0.73607,1.278008391
12/1/2010,9.4,58.3,57.2,73.2621,-5.508821437,2.3,13,0.00949232,0.007234926,0.88,0.00804454,0.006027576,0.8387,1.275756443
1/1/2011,9.1,58.4,57.6,73.4167,-6.599083648,2.3,13,0.009989287,0.008134684,0.95,0.009500831,0.00777549,0.97676,1.309281026
2/1/2011,9,58.4,60.5,73.4414,-6.869742657,2.5,15,0.010665081,0.009459527,1.08,0.010920119,0.009005472,1.23481,1.341435719
3/1/2011,9,58.4,60.2,73.9267,-5.451178271,2.5,15,0.010521211,0.009957156,1.21,0.0119018,0.009965974,1.46311,1.365340283
4/1/2011,9.1,58.4,62.7,73.3571,-5.50507816,2.5,14,0.012328943,0.011669641,1.36,0.01334744,0.012646304,1.66411,1.511849726
5/1/2011,9,58.4,62.2,73.5166,-5.701345519,2.5,12,0.013480392,0.012946106,1.5,0.015104456,0.014031431,1.95886,1.641538431
6/1/2011,9.1,58.2,61.9,73.5097,-6.450722308,2.6,15,0.014019153,0.014022206,1.57,0.01638759,0.015189916,2.03903,1.749174917
7/1/2011,9,58.2,60.3,73.9663,-5.9328227,2.7,12,0.01502743,0.015244295,1.66,0.017653599,0.016430751,2.15692,1.735687446
8/1/2011,9,58.3,56.3,74.1603,-5.365726151,2.6,15,0.016166555,0.016326369,1.73,0.019512437,0.018034588,2.3203,1.726303057
9/1/2011,9,58.4,56.2,74.3377,-6.467450267,2.8,14,0.016464676,0.016585501,1.79,0.019747011,0.019222459,2.4221,1.745158806
10/1/2011,8.8,58.4,56.7,74.6628,-4.569233576,2.7,14,0.017093176,0.017541434,1.91,0.021001535,0.020410705,2.47275,1.597615033
11/1/2011,8.6,58.5,62.6,74.5374,-5.3492625,2.5,16,0.017665516,0.018137681,1.96,0.021533072,0.021349799,2.51669,1.49747648
12/1/2011,8.5,58.5,65,75.1924,-5.429112869,2.8,15,0.018943828,0.020019536,2.04,0.022295363,0.021968695,2.5145,1.415345177
1/1/2012,8.2,58.5,62.9,75.8488,-4.932131383,2.8,18,0.020075627,0.020837644,2.1,0.022774635,0.022432251,2.54202,1.582683172
2/1/2012,8.3,58.5,68.4,76.2278,-4.020769341,2.7,17,0.019888983,0.020246219,2.05,0.021765742,0.021642119,2.37664,1.502577064
3/1/2012,8.2,58.6,68.3,75.7357,-4.836782803,3,15,0.020362988,0.020395538,2.05,0.022553534,0.022658398,2.35131,1.483835344
4/1/2012,8.2,58.5,70.3,76.0772,-4.794935767,2.8,17,0.019568171,0.019630134,2.01,0.023135134,0.021947264,2.28492,1.312077412
5/1/2012,8.2,58.6,66.6,75.7825,-4.683686973,2.9,20,0.018625424,0.01881405,1.95,0.022571192,0.021878186,2.06715,1.33758148
6/1/2012,8.2,58.6,67.1,75.9338,-4.611727765,3,15,0.019151008,0.018522314,1.95,0.022179634,0.021680217,2.09562,1.302748935
7/1/2012,8.2,58.5,66.8,75.9671,-3.989939122,2.8,15,0.018625269,0.017938574,1.88,0.021002469,0.020585751,1.92511,1.241377042
8/1/2012,8.1,58.4,66.6,75.3554,-4.802059816,2.8,18,0.01701525,0.01642389,1.83,0.019134562,0.018597997,1.84755,1.359049896
9/1/2012,7.8,58.6,67.4,75.3103,-4.462887599,2.8,17,0.017080098,0.016586987,1.81,0.019846303,0.018493,1.85178,1.393858848
10/1/2012,7.8,58.8,71.6,74.882,-4.897493518,2.9,16,0.017599737,0.01667605,1.74,0.019991797,0.018024983,1.93349,1.449758121
11/1/2012,7.8,58.7,73.6,75.8329,-5.040732954,2.9,17,0.016749949,0.015478706,1.68,0.019412939,0.017193119,1.9198,1.245954758
12/1/2012,7.9,58.6,74.7,76.3797,-4.445122799,2.8,16,0.015966022,0.014103308,1.59,0.01893358,0.016040908,1.89391,1.166828061
1/1/2013,7.9,58.6,71.9,76.1966,-4.453604217,2.8,18,0.015405502,0.014438203,1.54,0.019253027,0.015961595,1.8194,1.11681415
2/1/2013,7.7,58.6,73.2,76.5436,-5.542067545,3.1,21,0.014962402,0.014148443,1.56,0.020042569,0.017269464,1.9267,1.204932948
3/1/2013,7.5,58.5,74.1,76.2573,-4.779514285,3,18,0.013851559,0.013299587,1.49,0.018873369,0.016286224,1.78553,1.216719555
4/1/2013,7.5,58.6,72.8,75.9153,-4.688168183,2.9,18,0.01211761,0.011091888,1.29,0.017151978,0.014532097,1.6954,1.11705595
5/1/2013,7.5,58.7,73.5,76.0545,-5.074094589,3,19,0.011641042,0.010845779,1.27,0.0168117,0.014072042,1.7485,1.09965327
6/1/2013,7.5,58.7,74.2,76.2057,-4.416537318,3,19,0.011530709,0.011219807,1.3,0.016360781,0.013535889,1.75758,1.069001397
7/1/2013,7.3,58.7,77.1,75.7228,-4.265111856,2.9,20,0.011289568,0.01135265,1.33,0.016960064,0.013548807,1.8419,1.206199548
8/1/2013,7.2,58.6,78,76.1998,-4.026446426,3,19,0.011885004,0.01156639,1.31,0.017645832,0.01434992,1.78362,1.238475948
9/1/2013,7.2,58.6,77.8,76.2817,-4.137290586,3,20,0.011951622,0.011259905,1.32,0.017341191,0.014002194,1.71511,1.281284868
10/1/2013,7.2,58.2,76.7,76.5005,-3.905572502,3,21,0.011282881,0.011017758,1.35,0.016802435,0.01392486,1.6127,1.318143143
11/1/2013,7,58.6,77.9,76.6393,-3.605562041,3.2,23,0.011654436,0.011711256,1.37,0.017209843,0.014958684,1.58177,1.328880007
12/1/2013,6.7,58.6,79,76.7283,-4.396019666,3,23,0.011943106,0.011598848,1.4,0.017170707,0.01533086,1.65021,1.354178626
1/1/2014,6.6,58.8,79.8,75.9833,#N/A,3,22,0.010876265,0.009551898,1.3,0.016212459,0.014471549,1.61368,#N/A
2/1/2014,6.7,58.8,81.4,#N/A,#N/A,#N/A,22,#N/A,#N/A,#N/A,#N/A,#N/A,#N/A,#N/A
3/1/2014,#N/A,#N/A,#N/A,#N/A,#N/A,#N/A,#N/A,#N/A,#N/A,#N/A,#N/A,#N/A,#N/A,#N/A
